,heart_rate,blood_pressure_systolic,blood_pressure_diastolic,temperature,oxygen_saturation,respiratory_rate
2025-09-19 09:03:35.222849,56.51142159362945,100.77117390426893,76.2231288876817,35.93525535926649,97.20294036459183,14.578084070929984
2025-09-19 09:13:35.222849,89.26771107047539,146.80314314850398,90.46555670109984,,,13.268165695949907
2025-09-19 09:23:35.222849,74.79507375886304,116.94815088933461,79.4433184474419,35.0,98.3165964936853,17.465456819572236
2025-09-19 09:33:35.222849,83.65686964650656,109.34459462463369,,,98.54158453008542,7.945841546991458
2025-09-19 09:43:35.222849,,117.8598151398941,63.102732442001106,37.3335269789901,100.0,21.419363473591577
2025-09-19 09:53:35.222849,73.67092526945314,109.96910120892217,86.44419024919506,37.95936999391055,98.79595477310484,
2025-09-19 10:03:35.222849,72.17349562844976,,76.91717414570621,37.903125061740575,99.56554859158626,16.985996997686293
2025-09-19 10:13:35.222849,101.11221830009009,105.43338016462081,74.16385249554602,37.96017863681899,99.7103490943444,15.318870444420709
2025-09-19 10:23:35.222849,83.5926621567529,130.60156989608936,110.80054524819316,38.43263305744917,97.96054617663279,18.252455685350352
2025-09-19 10:33:35.222849,80.96944329798865,126.64412635068707,82.45574070385888,38.277535087756185,98.41378646312491,19.325314958905118
2025-09-19 10:43:35.222849,,117.64865271536016,65.53280049207518,39.2583347850295,98.83970307736745,20.09495108428585
2025-09-19 10:53:35.222849,,157.7810512017115,103.33092021914116,39.10763507884613,99.6291239389389,17.764574193653203
2025-09-19 11:03:35.222849,70.33122423247168,113.95091092360545,95.98470077729971,38.749889730960334,100.0,20.2977106560149
2025-09-19 11:13:35.222849,,106.82014183278764,100.62552801413845,,100.0,18.27479946250497
2025-09-19 11:23:35.222849,93.7489646858504,116.11602968577266,,39.26009307851427,99.89202024450049,16.622168662129887
2025-09-19 11:33:35.222849,85.19275626135565,118.6151101399524,79.39459963159423,40.10507678960755,100.0,16.055306024152433
2025-09-19 11:43:35.222849,88.20606218203194,161.28299969411106,95.57051319949692,39.860324979745215,100.0,19.921284269070327
2025-09-19 11:53:35.222849,99.65997434242274,141.60327091784617,70.00167094639816,39.51197692394364,93.30039257886929,20.402784793828737
2025-09-19 12:03:35.222849,98.19365435371661,139.44942233749407,78.86945276816469,39.845696029787256,100.0,21.170809885913446
2025-09-19 12:13:35.222849,80.5087236208322,138.6063126775355,84.41126598144619,,100.0,16.461595981375208
2025-09-19 12:23:35.222849,90.33967856569096,130.2531582537674,110.42457102368337,40.32910699306764,100.0,13.83485644735968
2025-09-19 12:33:35.222849,89.50039637661494,132.66104107386278,81.49070979401466,40.181622379846,100.0,20.430905723879796
2025-09-19 12:43:35.222849,111.68982685057071,118.29923633316716,79.43178066274541,,100.0,20.72064955500091
2025-09-19 12:53:35.222849,77.19818866258773,,72.08910328934559,40.956084028829615,100.0,18.821246603291613
2025-09-19 13:03:35.222849,,146.27907993460363,92.0881035208806,41.00630150271527,,18.68668288024757
2025-09-19 13:13:35.222849,76.9634553740184,114.10209623542053,89.77919943481723,,100.0,20.87041718489136
2025-09-19 13:23:35.222849,89.3210403116232,101.57395345889212,75.37997685828526,41.083578821556316,100.0,23.185817948859178
2025-09-19 13:33:35.222849,103.6654728590975,160.18734293762856,,,100.0,20.927631911980207
2025-09-19 13:43:35.222849,,127.17866052897678,86.39815026229904,40.90740911921846,,27.756409691564745
2025-09-19 13:53:35.222849,84.7191640816237,133.1677029646433,70.44886484901083,35.014393215017144,100.0,17.831661540566305
2025-09-19 14:03:35.222849,91.7277098597539,101.01871613198824,74.50413769472087,41.42068040067167,100.0,18.032841617168696
2025-09-19 14:13:35.222849,76.93932179088883,149.3796150036414,76.30368801132896,41.501157365345755,100.0,22.403636488975454
2025-09-19 14:23:35.222849,109.10187250680335,141.52541350412642,88.66020328446818,41.55341670943783,100.0,29.8
2025-09-19 14:33:35.222849,110.18024517868429,142.25345411984128,91.73356436922141,41.638306487585574,,19.910538730571773
2025-09-19 14:43:35.222849,94.07860449057556,126.86553215436074,75.0619370282146,41.457299960844395,100.0,19.125925800305666
2025-09-19 14:53:35.222849,105.20389989848415,,98.48798556242187,41.71081413043962,100.0,21.13673351512463
2025-09-19 15:03:35.222849,86.97155935362579,119.79201596879659,98.50466446782882,41.38263495188587,100.0,21.679820734147693
2025-09-19 15:13:35.222849,96.31975498403924,148.9422597031731,77.78745139891699,40.89276890247683,100.0,21.550538486149197
2025-09-19 15:23:35.222849,91.91458883863602,138.2047777214596,,,100.0,19.31974543996131
2025-09-19 15:33:35.222849,79.56527585172675,133.11132241070425,75.26301227530908,40.86954811593314,100.0,22.19310449142915
2025-09-19 15:43:35.222849,,145.15942515997267,79.47073703785453,41.565597949828835,100.0,22.043586935586685
2025-09-19 15:53:35.222849,79.29263598338683,110.131172589304,74.17149338745038,41.64526218353822,100.0,19.373910058703018
2025-09-19 16:03:35.222849,96.53654491055119,142.1741068597877,79.00273920114415,41.3866436260526,100.0,25.64993679142154
2025-09-19 16:13:35.222849,100.2613799012682,127.14526282704993,68.30156953920005,41.13253471799112,100.0,19.06216528928685
2025-09-19 16:23:35.222849,84.35139893728572,132.29339335245024,83.95512417075022,41.380879035562025,100.0,19.452531325335972
2025-09-19 16:33:35.222849,88.74339552826882,140.0253078820082,80.88025376629746,42.0,100.0,
2025-09-19 16:43:35.222849,96.5853122205455,104.14579489839373,91.84467883879032,40.401071007666566,100.0,18.440932131364377
2025-09-19 16:53:35.222849,97.82845872234735,120.55360234569223,102.08759714169841,40.41538629906315,100.0,20.532097483525614
2025-09-19 17:03:35.222849,,90.40222417684063,78.95537821664793,40.88883242284199,100.0,22.723456457049423
2025-09-19 17:13:35.222849,94.05263577513641,132.4617778161434,80.13787311300044,40.8327748937282,100.0,29.8
2025-09-19 17:23:35.222849,90.48296345202449,148.69296028438995,96.71953068535989,41.11021945059193,100.0,16.81045756952264
2025-09-19 17:33:35.222849,,147.95549771937812,89.2281077813084,40.62332519147783,98.77753961712378,17.448992056100202
2025-09-19 17:43:35.222849,91.8985942112324,126.08016910628072,94.67002778933411,40.82171064579079,100.0,22.405777096640847
2025-09-19 17:53:35.222849,76.00351252363053,120.35719937542419,87.68054216401264,40.392795499022675,100.0,21.78853127384602
2025-09-19 18:03:35.222849,73.64570849106086,127.20420029417863,91.7016297122474,39.70321634234677,,19.88052620481198
2025-09-19 18:13:35.222849,86.92679728882335,161.05414830204515,93.99669283169358,39.93066894704143,100.0,20.32838154879059
2025-09-19 18:23:35.222849,85.28734926567337,105.87506604967699,75.32442338753494,39.671695721418274,99.99544706452528,18.880724412911952
2025-09-19 18:33:35.222849,99.50400183120641,,92.94233157791408,39.62988358202097,100.0,17.067498472212936
2025-09-19 18:43:35.222849,90.32309463250996,,94.19253275876352,39.216600132853436,99.15391159899367,
2025-09-19 18:53:35.222849,85.8154366756611,135.05842153945287,67.87006244006076,39.9875897879106,100.0,10.63273877663605
2025-09-19 19:03:35.222849,85.29538937838973,130.02337572163168,72.08498657968158,39.53040165647808,99.93339710152516,18.122854809324124
2025-09-19 19:13:35.222849,86.23693943011152,126.92638242167222,79.02072563761642,39.10438854603516,85.0,23.695769129475444
2025-09-19 19:23:35.222849,98.77497023155584,137.05405502889016,79.94153808834962,38.75975382779272,99.8830642212174,19.89034239832705
2025-09-19 19:33:35.222849,81.15682565624371,106.4461217163259,92.73024498217336,38.26158065160167,100.0,21.08651748056321
2025-09-19 19:43:35.222849,93.71558482779182,111.87445117688767,82.00998808989377,38.26720584664671,,15.995168492265393
2025-09-19 19:53:35.222849,79.629620723378,115.04251761958456,78.31773670916026,38.64993689818118,99.90574731163103,14.646723817238158
2025-09-19 20:03:35.222849,88.5782585308338,128.98660035037045,101.17875022749232,37.82823607099017,99.74597752379555,21.33361759761645
2025-09-19 20:13:35.222849,92.44439752982278,146.64895087498667,96.14041733226608,37.303427700008214,98.33688096100425,
2025-09-19 20:23:35.222849,93.59801176573494,97.48936004227525,76.95098433470645,37.78949323741444,97.79245163559133,15.160737214042783
2025-09-19 20:33:35.222849,52.18826996264922,107.71817035831653,80.02462188523705,36.946324672143625,99.54038772621651,18.109427671021226
2025-09-19 20:43:35.222849,85.97091804477303,123.29656615168122,80.05282751155136,36.63320486750423,99.6144243894759,15.214586704743468
2025-09-19 20:53:35.222849,80.75830913998756,106.09473457625151,107.21550383059508,37.057065263657606,96.17717622891696,18.397543449151353
2025-09-19 21:03:35.222849,81.0127640245358,136.12008242693244,81.54375603024664,36.490384024799845,96.06033462904747,14.424767370097888
2025-09-19 21:13:35.222849,90.13801049324732,127.29516368607139,,42.0,96.50192937549947,15.925973769948039
2025-09-19 21:23:35.222849,62.8917239423415,,79.64449119145712,36.41105352408862,97.16036915413292,
2025-09-19 21:33:35.222849,76.27773715564035,126.31029528888963,92.02950635958398,35.69524508781923,97.03831996396586,21.759387989857487
2025-09-19 21:43:35.222849,93.7745800476743,124.57255157399021,71.62181616773302,35.50826120014979,100.0,19.53412785252675
2025-09-19 21:53:35.222849,83.66620273953394,133.7417411515284,81.85589188850709,35.51967657550086,96.66861597534337,16.966794959560048
2025-09-19 22:03:35.222849,70.32080355828344,130.23941985346036,84.56587908255479,35.36219986583185,,19.147033060079885
2025-09-19 22:13:35.222849,83.40747797029346,,92.01461627457238,35.0,95.86630356690854,16.476388842451193
2025-09-19 22:23:35.222849,73.86422976474933,133.28182444367044,79.74784319411062,35.0,94.11510523842813,18.22051191150546
2025-09-19 22:33:35.222849,83.02722165874745,140.19912169144578,74.72793199701665,35.0,94.22279351983192,
2025-09-19 22:43:35.222849,86.94624921587804,121.91040593117599,98.17087140171341,,95.59223251511186,14.28329898035877
2025-09-19 22:53:35.222849,90.08455470403968,92.81115332864455,84.4378675274062,35.0,97.63144509282148,13.958518710088232
2025-09-19 23:03:35.222849,74.0604565715446,109.67886152572764,88.2090360035758,35.0,94.20770576573861,17.294992667703532
2025-09-19 23:13:35.222849,96.6004444882568,105.79062409353462,82.61617686998275,35.0,,15.917903902027472
2025-09-19 23:23:35.222849,82.73636211968764,113.61545904431313,88.68967148938589,35.0,93.60957415679101,17.03911968935753
2025-09-19 23:33:35.222849,91.25026310892333,105.44090660527316,73.75847045422287,35.0,93.94902137745797,14.298580790736926
2025-09-19 23:43:35.222849,70.91226888090226,140.99447240513948,68.19285765180798,35.0,95.44632178281921,15.499228936770443
2025-09-19 23:53:35.222849,92.03547134211541,,75.67307536557246,35.0,93.00308821431904,14.002284305661373
2025-09-20 00:03:35.222849,86.28068520784912,123.0924291648048,85.43196915149481,35.0,93.00905390745272,19.202246947872766
2025-09-20 00:13:35.222849,,119.33737374147121,93.98864757432911,35.0,87.51254941396368,13.729289687880366
2025-09-20 00:23:35.222849,73.13365178394521,122.1530558243274,80.59817305253142,35.0,94.05612764843036,15.381272035073009
2025-09-20 00:33:35.222849,78.07743827422385,122.84037570584888,75.61612201596525,35.0,100.0,23.275307634213956
2025-09-20 00:43:35.222849,73.02019209589912,133.54939264597454,79.41993562425061,35.0,92.42796681876725,13.222877127905347
2025-09-20 00:53:35.222849,91.66555425296843,111.44713682336703,75.08178668251594,35.0,92.87877955565833,8.512122044434168
2025-09-20 01:03:35.222849,77.4277457724757,123.12665877208623,82.4970274697773,35.0,92.85923051761635,8.741155238173015
2025-09-20 01:13:35.222849,53.26088192698914,112.47516410458213,78.81220744665067,35.0,93.60346157266689,15.452572032872961
2025-09-20 01:23:35.222849,70.27220706392177,107.2329098365614,70.53301702820929,35.0,92.43427958303091,12.936845106998048
2025-09-20 01:33:35.222849,64.94443356204549,123.45475683184061,82.62819000338983,35.0,93.86763995589662,11.853691612487784
2025-09-20 01:43:35.222849,,110.55301649025029,82.62194477801198,35.0,93.19273543429978,15.570884075723319
2025-09-20 01:53:35.222849,87.81803884431338,120.7750253382413,77.522786808413,35.0,,13.226696473467658
2025-09-20 02:03:35.222849,81.13036726547197,113.61981402990966,86.51377974928756,35.0,91.8808214100028,13.502587353599797
2025-09-20 02:13:35.222849,96.9241600701347,158.6237797949809,99.53747855970232,,,23.84588837904532
2025-09-20 02:23:35.222849,61.38077811817662,94.52114720500944,,35.0,92.89941855088328,30.51005814491167
2025-09-20 02:33:35.222849,71.83222922726588,106.04149627281316,78.34669385953686,35.0,93.21031466249066,13.816476807137732
2025-09-20 02:43:35.222849,83.68328084895572,116.40166152690435,78.5562012923163,35.0,93.06812633771183,14.352801182026546
2025-09-20 02:53:35.222849,73.65770664361628,145.44012419135862,81.97263548205603,35.0,100.0,11.997019175621455
2025-09-20 03:03:35.222849,,124.10275986101229,71.57982549040659,35.0,93.50002269467198,13.6759082306339
2025-09-20 03:13:35.222849,70.01121099638861,140.70249592216572,,35.0,92.8423088471878,16.280894109511088
2025-09-20 03:23:35.222849,75.45896489330846,127.58675814238227,96.58867204123543,35.0,90.7287795811939,9.931016764940708
2025-09-20 03:33:35.222849,86.06098293664198,142.2228895229142,62.812196587328394,35.0,91.43373108413843,11.495499171072073
2025-09-20 03:43:35.222849,92.6047852088915,120.97921966443145,76.80084113500396,35.0,93.157499082005,12.966145188561828
2025-09-20 03:53:35.222849,64.16242123824173,147.9840483440394,63.852956943490085,35.0,93.04738185337749,11.473155701205613
2025-09-20 04:03:35.222849,85.18480928221388,109.63106150855437,87.3291401300303,35.0,93.35693286599921,9.663290363685014
2025-09-20 04:13:35.222849,94.53095474258983,121.3639733997361,91.32164778014126,35.0,91.14634287622593,15.047508202305504
2025-09-20 04:23:35.222849,78.99278244103841,126.99436008894186,,35.0,,12.377021963617176
2025-09-20 04:33:35.222849,86.07598425245199,162.88929634791089,,35.0,91.98742889114426,13.734895083051551
2025-09-20 04:43:35.222849,78.11005928447528,122.91471721956889,86.65194071645999,35.0,92.02291104526873,
2025-09-20 04:53:35.222849,60.96463529600175,113.47909503711575,65.66993821130164,35.0,93.18543483111083,12.712731892652203
2025-09-20 05:03:35.222849,73.96703477253833,140.61119076349786,93.11035887714914,35.0,92.43884585558428,14.852938556395442
2025-09-20 05:13:35.222849,77.20601474421164,,98.64596250898056,35.0,,12.96668003544921
2025-09-20 05:23:35.222849,76.97114832121505,114.01641155466925,81.38242817825609,35.0,92.35369509031156,15.142706077521842
2025-09-20 05:33:35.222849,79.36057965013596,80.39499506311891,77.60091609824956,,93.33864716741786,13.803175285094095
2025-09-20 05:43:35.222849,86.80075150576938,78.41317221947122,86.8706163439803,35.0,92.96536656342855,15.941727803847108
2025-09-20 05:53:35.222849,70.67093849937264,132.46701484318754,,,,13.553263506715641
2025-09-20 06:03:35.222849,74.68320413307013,126.8708136019416,88.48934641077503,35.0,91.71855162504043,16.873082354278775
2025-09-20 06:13:35.222849,70.26997070234512,132.97405307518608,78.81267935777905,35.0,93.7768943691707,14.714806701064823
2025-09-20 06:23:35.222849,94.43001039944657,140.55573785478657,91.21676603515479,35.0,93.462386205651,8.4537613794349
2025-09-20 06:33:35.222849,85.80015336561806,118.13263959739243,94.3455834937252,35.0,92.32980843105393,15.215327781478905
2025-09-20 06:43:35.222849,84.53246019267593,141.07481982951305,78.0949921501901,35.0,94.52959222136225,13.327754460295337
2025-09-20 06:53:35.222849,73.4943434492149,116.06519308588352,63.56323718984209,35.0,94.40809214099401,21.70275347368106
2025-09-20 07:03:35.222849,80.17277313119175,134.6425136412791,72.72199231349381,35.0,94.63905594415434,15.91372063976533
2025-09-20 07:13:35.222849,85.3325872403676,120.03808198071692,93.75283959462892,35.0,93.15313335148373,8.484686664851626
2025-09-20 07:23:35.222849,78.45234355714597,115.22710239167468,76.81514939075439,35.0,96.00017041600786,16.103041251027726
2025-09-20 07:33:35.222849,70.1549409406697,94.66367892394359,84.49676299152942,35.0,95.58479202669105,15.188391998898988
2025-09-20 07:43:35.222849,94.50230971357082,145.11786529637055,79.25017870263615,35.0,96.14063623130843,
2025-09-20 07:53:35.222849,110.98815405729769,154.1315043896289,83.45932522999036,35.45688705088282,93.77448242164617,16.493475518408058
2025-09-20 08:03:35.222849,79.88328293792085,131.31433693262863,69.35952816797648,35.643201386522676,93.81091034253986,16.548058806593517
2025-09-20 08:13:35.222849,91.39648158117615,150.50699059822514,103.51882600651973,35.58105224704962,,18.663353572463507
2025-09-20 08:23:35.222849,84.95294884032116,128.4084186471561,87.96822231037991,36.27454350350213,95.52476502650421,18.941115342985686
2025-09-20 08:33:35.222849,82.96464193480858,117.69916196445024,81.83466896317252,42.0,95.96347956613864,19.237978757673353
2025-09-20 08:43:35.222849,85.41849196448864,158.7184788882797,82.66568913264764,36.0813597533218,95.21767776631492,17.24941240303522
2025-09-20 08:53:35.222849,99.06777568116364,129.2396308016856,72.15161895125276,36.108675040016834,97.36285439175425,19.208287345785735
2025-09-20 09:03:35.222849,93.93745027596607,157.4108339379464,,36.49514820329533,97.75237844577335,21.274479191487682
2025-09-20 09:13:35.222849,84.05075909476395,143.5866742832212,96.94737761039671,35.0,95.17534036587989,
2025-09-20 09:23:35.222849,77.1544867280615,130.90168470733468,78.8303010962778,37.04195356663917,99.4195856883194,17.36001346741304
2025-09-20 09:33:35.222849,,141.3414624234118,84.87138120466697,37.1776184676935,,21.43710246998287
2025-09-20 09:43:35.222849,79.74306565102036,124.46593929512812,80.22317116668792,,95.94909312569179,21.022646623777316
2025-09-20 09:53:35.222849,102.92514405087229,130.81918225477676,98.74976457668474,38.10072665964878,96.76081200047652,20.97616024759571
2025-09-20 10:03:35.222849,95.86527530817106,131.60376111994955,81.34402966391899,38.10760066784187,99.00123203642923,19.382214339469606
2025-09-20 10:13:35.222849,109.00862471965478,128.0260470410618,69.5473020077909,38.1795215247643,98.47728236480768,29.95227176351923
2025-09-20 10:23:35.222849,96.20481602605354,143.20304564760778,97.72526550024023,38.87033144650598,97.40699427067072,23.630740210988574
2025-09-20 10:33:35.222849,105.36858778003368,131.96103538232524,93.63231782645414,38.984781239051145,98.66230005669223,17.345503767051245
2025-09-20 10:43:35.222849,86.03331697327307,,79.07898106417666,38.57671796272451,97.54855991845412,20.87180994624985
2025-09-20 10:53:35.222849,104.00194812919699,150.56321565230192,106.84090343209719,39.057964508515425,98.26641512194178,23.432300399345795
2025-09-20 11:03:35.222849,,144.2302547111955,92.15434932107343,39.214328786246625,100.0,23.183935427294408
2025-09-20 11:13:35.222849,99.48613960602482,145.2931530789942,95.09770245454942,39.06989182179412,100.0,19.13668465536191
2025-09-20 11:23:35.222849,107.71035962952385,122.99965480092908,75.56106334050172,39.346670142191556,99.2483110017025,21.299611698029594
2025-09-20 11:33:35.222849,101.39054935115749,148.86520761531366,80.87710591892929,39.39286168170385,97.58265548390413,30.041734451609585
2025-09-20 11:43:35.222849,93.18902362788074,,94.00276908830588,39.8261089458349,100.0,21.653502272925504
2025-09-20 11:53:35.222849,98.93443801677266,125.28520434112507,76.84104651795924,40.34006751290874,100.0,19.339174570136766
2025-09-20 12:03:35.222849,114.7371421865406,138.51638056548455,89.16230512282654,40.539661751439624,99.19972843779078,26.5049678609078
2025-09-20 12:13:35.222849,99.4775534018654,114.93971472918628,84.43509232352174,40.210087722494336,100.0,7.8
2025-09-20 12:23:35.222849,101.85793027443809,144.56594726567025,84.8498864319463,40.560831834282915,89.38583594580629,
2025-09-20 12:33:35.222849,118.59808187090093,151.3807905536124,94.64676187868821,40.92053618097981,100.0,
2025-09-20 12:43:35.222849,143.7766361956444,121.8999453347094,96.44303926397879,40.39106974258492,100.0,22.47683437794579
2025-09-20 12:53:35.222849,98.89342548930198,149.89808717219978,93.12477731999321,40.64331814284874,,
2025-09-20 13:03:35.222849,111.70433073803268,183.94238694281322,,40.3928294649734,100.0,22.62727798553155
2025-09-20 13:13:35.222849,111.01190184247491,172.4372266319612,101.31568517704274,41.529836900679236,100.0,22.72766528698543
2025-09-20 13:23:35.222849,104.62215839318937,117.82999527548839,107.03534001879197,42.0,100.0,23.120001850182287
2025-09-20 13:33:35.222849,118.23721979821107,145.06518996663965,,41.17099769391153,100.0,20.29117371449277
2025-09-20 13:43:35.222849,99.83357108395391,,75.39498986826426,40.94754767041424,100.0,22.1434791015771
2025-09-20 13:53:35.222849,103.24808590580909,146.50749811698336,102.99247594021402,41.076461757402136,100.0,24.636234491045357
2025-09-20 14:03:35.222849,120.08087188231012,135.64940825303825,101.45430975409177,41.56874672060296,100.0,
2025-09-20 14:13:35.222849,101.74030508108339,140.3933166467699,82.3127470066967,41.396522406133336,99.9783360241938,24.815016958021374
2025-09-20 14:23:35.222849,100.22556291810731,143.492735928995,88.170682895947,,100.0,25.534968849277472
2025-09-20 14:33:35.222849,,180.88853777690358,,35.0,99.57318013872465,24.83362751027408
2025-09-20 14:43:35.222849,124.08011139083521,160.61150021017852,91.46218760357398,41.44565526999692,100.0,25.543019288997503
2025-09-20 14:53:35.222849,92.27244488470973,137.93467206120496,101.6028751376216,41.99504803956839,100.0,26.49622815781751
2025-09-20 15:03:35.222849,100.4433816399941,,103.56955042339094,41.85533420748508,100.0,22.15323979182317
2025-09-20 15:13:35.222849,125.42538085849199,140.033542871015,106.9063361801104,41.543803186298604,100.0,26.72729273593848
2025-09-20 15:23:35.222849,98.57043282778973,169.93531605164065,98.00339922371552,41.531901614814615,99.70322761225496,16.445394584753984
2025-09-20 15:33:35.222849,96.21465064683875,125.57987608622355,81.41888956784011,41.67477403459193,100.0,23.49580024405576
2025-09-20 15:43:35.222849,105.04348634146096,133.77769725976165,89.49317269554886,41.09928192786196,100.0,
2025-09-20 15:53:35.222849,105.64906252776615,137.7052247009496,101.45602363426312,,100.0,23.53630545724901
2025-09-20 16:03:35.222849,109.77203105883744,127.13732616278267,100.19580192531885,41.7105795294555,100.0,26.085103442682506
2025-09-20 16:13:35.222849,97.43650473171748,146.6460266674718,71.20084984418995,41.529109872830915,100.0,23.512423938701726
2025-09-20 16:23:35.222849,101.80913044989894,123.91264236869569,107.9435071957722,41.378686017871495,100.0,24.18757261685788
2025-09-20 16:33:35.222849,,151.08254073484377,103.11495971408414,,100.0,23.466885771986412
2025-09-20 16:43:35.222849,120.66949289448452,147.4962438589039,93.42568572483674,38.228516379335076,100.0,23.174596371776435
2025-09-20 16:53:35.222849,129.00891881762934,,97.87035286166936,41.388276712697916,100.0,21.72835561044829
2025-09-20 17:03:35.222849,95.90982401967774,,85.63245549143656,40.949577295494365,100.0,24.405151515706706
2025-09-20 17:13:35.222849,94.42776955486087,119.78526750959162,78.31501354659633,,100.0,20.248512911446195
2025-09-20 17:23:35.222849,107.85431412805627,165.55244666087606,110.88287795067448,40.91540638633723,99.29267196842683,24.800067038737886
2025-09-20 17:33:35.222849,,117.24564706800763,89.97095903999583,40.920961045482386,99.84661231019429,23.370550340768265
2025-09-20 17:43:35.222849,,165.87934083674836,88.49176995152803,42.0,91.55181615526848,21.07693984213444
2025-09-20 17:53:35.222849,97.11150867992568,,96.54886874740869,40.305933102451434,100.0,23.59165817359976
2025-09-20 18:03:35.222849,109.1281592604021,,83.17913422740132,40.22662973642127,99.07687330144567,22.52711682061947
2025-09-20 18:13:35.222849,122.68937944189793,181.87107130194488,112.1421280930519,39.59465704210292,99.85447063868024,23.850426452192835
2025-09-20 18:23:35.222849,108.86030339342099,180.02329354753445,107.36672009102098,39.72446893864217,98.81341007124179,19.42314502827955
2025-09-20 18:33:35.222849,104.18463777465557,133.1525868772517,,40.22464888637124,100.0,26.18191973092669
2025-09-20 18:43:35.222849,,149.89386175377197,93.13566282958294,39.50922991956436,97.11770332736069,22.64155290430775
2025-09-20 18:53:35.222849,131.6865637417477,145.5712917397574,78.01927321345418,39.33024159819557,100.0,7.8
2025-09-20 19:03:35.222849,105.48500239916734,131.20080292145803,100.22817605057963,39.158678991757284,97.25440922215823,20.475267898636446
2025-09-20 19:13:35.222849,94.54763312272145,137.7351663294587,84.86146971214704,38.84897413465617,97.84744409227903,21.43957717300445
2025-09-20 19:23:35.222849,95.45973393932998,135.0994148980368,107.93507675637977,39.016026520584454,98.24176918112335,22.713026727626616
2025-09-20 19:33:35.222849,98.14886332979084,109.59585847798661,123.22121176678266,40.91605393344922,99.1995895408774,23.486011952193955
2025-09-20 19:43:35.222849,82.71142492270823,,89.1496090762194,39.09562805290576,98.23418124102999,21.58145901965114
2025-09-20 19:53:35.222849,100.58402807906626,122.53530941971955,90.7400939668067,38.341061730907015,98.57862426235533,20.979762890659448
2025-09-20 20:03:35.222849,121.36863888946176,148.86737025515114,92.45641498617634,42.0,95.7961566692087,20.290295078762238
2025-09-20 20:13:35.222849,97.15690124492153,126.52907156427068,100.06636831549254,37.610826754790914,,
2025-09-20 20:23:35.222849,93.21685188585862,136.7579810541735,98.11366624970701,37.97086359985758,93.77811729717506,17.2872377332636
2025-09-20 20:33:35.222849,109.77951197451021,128.46703988316187,,37.826053627288104,96.38316880167434,20.53309113648595
2025-09-20 20:43:35.222849,79.49795361684964,141.5293989786174,73.36043630784555,37.562308273562266,95.36228815359591,21.785391854143036
2025-09-20 20:53:35.222849,97.43242093045401,108.22055647255799,82.59271849001361,35.0,95.37541159965652,25.532032001465403
2025-09-20 21:03:35.222849,111.71157711145527,,104.59564169282363,36.88221522773359,94.45328572441825,20.87123218053035
2025-09-20 21:13:35.222849,112.73912377159373,161.0934239527878,78.33922525554313,,94.97333826932588,17.19925720061065
2025-09-20 21:23:35.222849,91.2073776316761,152.77154696547052,102.44265572798997,35.85622331451118,94.40114735241416,17.302064658572515
2025-09-20 21:33:35.222849,81.8307838316508,110.4548315561585,81.94559069722787,36.014433474232604,100.0,16.627125378248714
2025-09-20 21:43:35.222849,99.86507075351928,153.50854169809233,95.47246094971382,35.552041504707795,96.7490407471054,20.679816083226832
2025-09-20 21:53:35.222849,107.65404837253459,131.64644143960922,75.40066332328668,36.153971813651665,93.73293625815322,24.40147519978148
2025-09-20 22:03:35.222849,95.59380302428254,114.91802814626747,85.07884465259102,35.0,,19.325548689645
2025-09-20 22:13:35.222849,85.8283498718488,157.47044460509792,87.55090620071326,35.0,92.89265688709744,23.34179185037682
2025-09-20 22:23:35.222849,74.770137451984,120.13578706424433,80.12209126876054,35.0,95.61333454842878,18.381987115886904
2025-09-20 22:33:35.222849,82.98903299557203,99.78101602567034,91.74525927431714,35.0,94.99262203534026,17.61763660605105
2025-09-20 22:43:35.222849,120.61342200466073,143.62659937544916,85.52145271621701,42.0,94.27837733659076,16.227667323342516
2025-09-20 22:53:35.222849,86.5367661180039,120.12849856885467,83.42528048853612,35.0,92.10386474976063,17.868993347053177
2025-09-20 23:03:35.222849,104.97482267529716,119.71022920947013,,,92.61699759822338,
2025-09-20 23:13:35.222849,84.11076102558367,149.3906613798204,73.35429360832617,35.0,92.7486756267107,18.516202134737284
2025-09-20 23:23:35.222849,116.54999230595418,136.98470556727221,93.35903628319062,35.0,89.49571332894764,11.29247497159595
2025-09-20 23:33:35.222849,86.68410782925785,134.9431800109646,103.28274892760116,35.0,92.07782494282922,19.168627857765905
2025-09-20 23:43:35.222849,87.37034848250335,115.41502560009363,73.87913477467305,36.61043914073286,100.0,15.160753103979864
2025-09-20 23:53:35.222849,77.25198979654051,,67.13588391116767,35.0,93.81548076562434,19.57717989340375
2025-09-21 00:03:35.222849,109.70737264681154,148.34044725189685,101.17893345291209,35.0,,18.723554153713998
2025-09-21 00:13:35.222849,88.36367093373012,137.79536964104946,96.42793605006307,35.0,90.80811030342919,17.9581185291862
2025-09-21 00:23:35.222849,81.5357405170721,67.82420127421315,94.45433049910073,35.0,91.59963731729803,18.928569499320616
2025-09-21 00:33:35.222849,81.31664652929966,129.3112117264843,94.6842790372211,35.0,85.25758160873932,16.804212697044644
2025-09-21 00:43:35.222849,88.07761614858751,125.8238567904474,96.38692049947618,35.0,91.3122951255757,18.113691794591954
2025-09-21 00:53:35.222849,84.4303199567401,149.1487133002551,,35.0,90.86508150036474,18.855047385325012
2025-09-21 01:03:35.222849,83.84007616792962,105.45560121958447,88.99999556189778,35.0,95.59952415533562,13.718344120108187
2025-09-21 01:13:35.222849,80.22761846064284,163.40001111760625,90.32753859474848,35.0,91.94355306562599,15.71514718181161
2025-09-21 01:23:35.222849,80.89994310038654,143.25803189751812,88.3635574986565,35.0,90.27467350733363,16.785226761620628
2025-09-21 01:33:35.222849,,139.6686733253464,70.9912750102847,35.0,90.30518858543135,16.985090929599004
2025-09-21 01:43:35.222849,99.83785265335315,129.4100204390728,88.26198661657959,35.0,91.35661163196174,14.776705241701043
2025-09-21 01:53:35.222849,110.18767237558053,121.8846668626254,100.8626760582605,35.0,92.40889275347045,14.550445625129699
2025-09-21 02:03:35.222849,109.48817373636076,131.68321690722294,92.57726690278122,35.0,89.26901571347892,14.398881773324833
2025-09-21 02:13:35.222849,85.62296701174562,143.1969206264228,94.11719157273427,35.0,85.0,13.215820193178125
2025-09-21 02:23:35.222849,79.47715979338786,127.002086100777,93.5930237410254,35.0,91.2013651867345,
2025-09-21 02:33:35.222849,110.28320612081191,134.41177822733087,92.55156245917564,35.0,90.91777156052676,21.367881229656565
2025-09-21 02:43:35.222849,104.27987424882949,141.92715481978058,86.07020102658477,35.0,100.0,24.19459098674192
2025-09-21 02:53:35.222849,79.80585267529153,132.0745088836673,,35.0,,14.096410607600264
2025-09-21 03:03:35.222849,82.23344050270228,127.08183624899901,111.06707976942592,35.0,90.02176440084139,18.223671360280573
2025-09-21 03:13:35.222849,85.85398002233183,140.95811481893037,103.78914550939699,35.0,90.91460752507423,8.708539247492578
2025-09-21 03:23:35.222849,96.1926668245427,138.04865103449313,,35.0,89.38904773635356,11.756459332359286
2025-09-21 03:33:35.222849,118.38625122469568,130.57033433784082,75.21508934902549,,100.0,13.3383902479904
2025-09-21 03:43:35.222849,101.01419599025483,,84.55751014425758,35.0,100.0,13.828262891919213
2025-09-21 03:53:35.222849,102.4529038701203,170.02581428749835,72.30917396035635,35.0,89.95009628349054,19.1038599803367
2025-09-21 04:03:35.222849,109.528362725409,123.17959470426331,67.5056725450818,35.0,91.6725633055845,18.526360499445534
2025-09-21 04:13:35.222849,87.98516114590474,104.93395340574668,102.41861041080595,35.0,,8.766536166235987
2025-09-21 04:23:35.222849,80.29836617530681,146.04997992887044,,35.0,90.8977722810453,19.96532270441233
2025-09-21 04:33:35.222849,88.99346002478096,141.26459569982012,101.08296825481888,35.0,85.0,14.503767094299228
2025-09-21 04:43:35.222849,95.78900183204794,111.41685783425628,78.56063932173436,35.0,92.050909294741,18.53285016322343
2025-09-21 04:53:35.222849,101.78297877549514,133.2576928234955,77.21482138062122,35.0,90.4177655311273,13.746440975648289
2025-09-21 05:03:35.222849,,141.0084426969245,103.41418726483984,35.0,,18.239378823969258
2025-09-21 05:13:35.222849,90.22402227980166,144.18207967124252,73.08502421801433,35.0,92.42566433807697,14.658515151951667
2025-09-21 05:23:35.222849,95.75111321642957,147.13381899692604,98.16803308774817,42.0,90.04193692240044,15.319864688664406
2025-09-21 05:33:35.222849,98.65879463404914,144.19449288062881,89.22093783477213,35.0,90.18160218712654,18.773716169572225
2025-09-21 05:43:35.222849,74.82447485032856,139.26192325830883,,35.0,,19.462918186272397
2025-09-21 05:53:35.222849,116.2672466344326,123.07493412978135,102.54000334860997,35.0,90.55052383034204,15.199851386664772
2025-09-21 06:03:35.222849,96.9389251334116,144.19301419250868,73.27923417861163,,92.06511100430718,17.643100675849606
2025-09-21 06:13:35.222849,91.09021390928713,139.04488905970874,87.36628632436049,35.0,93.62867683546303,19.5206000741613
2025-09-21 06:23:35.222849,93.92539800549027,147.71799956324972,81.90374062954767,35.0,92.40034976136128,20.33811822046024
2025-09-21 06:33:35.222849,92.60886017034677,138.83946114991528,99.80441885505755,,91.87841327086898,16.079934066539174
2025-09-21 06:43:35.222849,96.070361451811,150.92641893601697,98.70700079978567,35.0,93.52944887559428,18.284325498656823
2025-09-21 06:53:35.222849,98.14863011201206,132.18979811354671,100.02948059115111,35.0,92.19051032005436,16.830086264248077
2025-09-21 07:03:35.222849,110.30484196395508,133.56947955262444,88.01047016613552,35.0,85.0,24.41348289654618
2025-09-21 07:13:35.222849,99.26585963117932,181.7415417540894,83.54861260953355,35.0,93.25359575684121,16.155358708073223
2025-09-21 07:23:35.222849,98.7721258770481,118.54334578400369,95.58312007110032,35.0,85.0,24.13057603171259
2025-09-21 07:33:35.222849,100.7366574435326,160.04646221969668,73.35762402711796,35.0,,15.104969586584584
2025-09-21 07:43:35.222849,96.95521851017432,174.15051382297133,100.7261789471088,35.3091221099689,92.93128873648676,19.48384030883009
2025-09-21 07:53:35.222849,85.74782513102,148.40958309093108,97.8179488934094,35.19005016755002,92.9453094858968,19.78991398629832
2025-09-21 08:03:35.222849,100.81935366802108,149.3087474991045,85.29671569953359,35.234333612646154,92.85656674782288,18.157411798635767
2025-09-21 08:13:35.222849,,137.3466203316366,94.62937750654724,35.457286941634216,91.6282789207629,
2025-09-21 08:23:35.222849,102.00606680866053,124.01388204954017,105.31274593702584,36.161417650374894,90.7341756796397,22.997533648948494
2025-09-21 08:33:35.222849,88.25599871780226,137.64969421808792,87.79731887763843,35.605612931213344,94.47006414129838,23.441284280515475
2025-09-21 08:43:35.222849,131.46857932755643,165.25707377386078,104.50207577032072,36.51179278729789,92.74913403850455,22.235078893582813
2025-09-21 08:53:35.222849,99.63628090493546,141.0618539510386,,36.06688095801764,94.54289740307347,20.26884418915894
2025-09-21 09:03:35.222849,101.03934716296497,103.29502014040318,99.19095002031494,36.57380796228389,92.97109034929362,25.45138535570355
2025-09-21 09:13:35.222849,87.8032273724565,121.21600804122957,84.51461626617647,37.11770245745729,96.53886260395176,23.171879404742597
2025-09-21 09:23:35.222849,103.70499077770873,172.30767885630965,101.23705400361217,37.08712316698364,100.0,20.02381256844939
2025-09-21 09:33:35.222849,,152.6419069669612,70.77822360830372,37.59889048091353,95.2510891870644,21.416385501669836
2025-09-21 09:43:35.222849,100.59255899561622,,99.64814949866175,37.775989975586526,92.64993425037319,
2025-09-21 09:53:35.222849,,150.8737477531997,112.90192370705665,37.888811125663,95.86464142679995,20.46991671392429
2025-09-21 10:03:35.222849,107.17939222862402,167.97871732627087,97.63177831758466,38.10119987178426,97.19894295625794,24.11884195596627
2025-09-21 10:13:35.222849,100.09774055499655,129.5470182540896,98.74909700886455,38.29614105077816,96.95468797356038,25.009838230345263
2025-09-21 10:23:35.222849,121.69804346963076,,112.46944152871149,38.71446412729364,100.0,24.309358828023402
2025-09-21 10:33:35.222849,111.64588255367296,139.39332441025564,90.0191880703898,42.0,98.40561203857493,22.212283632299293
2025-09-21 10:43:35.222849,120.02938163422192,154.8279352647073,97.03384509759793,39.368619912111534,97.42196977057067,23.311950039606423
2025-09-21 10:53:35.222849,137.3559580143978,163.55663508772884,101.46315188536647,39.63239319600935,98.8907544873022,26.211868545151056
2025-09-21 11:03:35.222849,112.76057312232166,176.44329056105093,102.50416217426128,39.33803711379704,98.70093130450742,12.643724086934244
2025-09-21 11:13:35.222849,115.73407596363523,135.69850681025252,100.93760105301162,39.364583201451715,98.67010135175914,27.464566021685126
2025-09-21 11:23:35.222849,121.60803449504459,,110.9688431462125,40.18069649492956,95.76043475275146,23.682506979483705
2025-09-21 11:33:35.222849,93.35082780748021,135.79503146196575,79.39334720159007,39.442849427551764,97.29084040354013,22.59034714257223
2025-09-21 11:43:35.222849,123.13921546304536,141.25510667701144,69.58811673418208,39.832236169651146,98.40186671779738,23.136579626782517
2025-09-21 11:53:35.222849,124.16493430060467,149.81581878620784,84.1041931678732,40.107977093866594,,26.010231158146205
2025-09-21 12:03:35.222849,109.79512354263179,143.8836564314984,79.57582995819536,40.3570027568023,94.79688638621559,24.066479547860695
2025-09-21 12:13:35.222849,102.69547425765155,129.538567938632,94.95854324380556,40.30731982244828,98.61757439061962,26.2380863404584
2025-09-21 12:23:35.222849,,155.97426871025118,88.44046606204414,40.72547910305491,97.77330481860234,25.223600488517505
2025-09-21 12:33:35.222849,105.10735381993084,116.51296591163624,102.1783669756124,41.089839806882736,97.08558902494086,28.07801679880472
2025-09-21 12:43:35.222849,115.0472862324195,137.9272324589902,97.82876089621283,40.98371596955559,98.80395627319406,27.53480513893363
2025-09-21 12:53:35.222849,125.35104123070423,119.30504221210366,94.25408935591783,40.628929938750574,98.51067436729971,24.304451606541694
2025-09-21 13:03:35.222849,112.39527387896088,,84.66490462065052,,89.74724914592825,29.300926365465873
2025-09-21 13:13:35.222849,120.60555441064068,,97.13829193198963,41.28129943072487,100.0,25.277734569428052
2025-09-21 13:23:35.222849,111.14759194260265,138.40430699055236,102.12824791793562,42.0,98.26001735057609,29.809660833751245
2025-09-21 13:33:35.222849,141.45145403240514,121.23298921772304,101.67887017721004,41.55537717336445,100.0,27.173374034267457
2025-09-21 13:43:35.222849,138.63094117000898,162.28736578401245,114.45570318446462,41.659030209231375,100.0,26.47453479134632
2025-09-21 13:53:35.222849,125.88727203034782,145.0675063273871,106.0647431197326,41.74615191576056,,29.80752857620802
2025-09-21 14:03:35.222849,117.06629319307761,127.31812457545897,91.74153793881692,41.688876559200835,99.94338011564561,28.85303278547518
2025-09-21 14:13:35.222849,135.55419401217688,,102.17190800611898,41.326041332387,99.8065887944841,26.66465510017717
2025-09-21 14:23:35.222849,135.65471965110692,196.35026224840215,103.14114554596031,41.6326186502376,100.0,28.198725217730196
2025-09-21 14:33:35.222849,134.83401689244258,,94.3946344551722,42.0,98.9684494999814,
2025-09-21 14:43:35.222849,131.18488934601453,152.19856412707065,115.8224198552609,41.61148590157337,99.04021785173667,
2025-09-21 14:53:35.222849,112.12106027493603,158.63833886365381,103.13659748186193,35.0,99.65644540631126,28.93838065230681
2025-09-21 15:03:35.222849,115.27641218370776,158.19889973529214,,41.16041749563747,100.0,27.665747961306057
2025-09-21 15:13:35.222849,117.1581387286179,156.46316193350336,127.22964064221978,42.0,,28.420940468927043
2025-09-21 15:23:35.222849,118.88022972624725,167.43078651622704,87.4742262341127,41.405829926448504,100.0,26.403474441962487
2025-09-21 15:33:35.222849,124.17791892398184,166.25565888850434,87.04134520860862,41.9772066679888,100.0,26.746745204252054
2025-09-21 15:43:35.222849,119.78358000170314,135.91157800033977,95.71320318060084,41.5585362678837,99.20021511914838,26.027022236425964
2025-09-21 15:53:35.222849,116.42238367249432,153.70701662930472,79.02553204865923,41.59586489443019,100.0,
2025-09-21 16:03:35.222849,112.27876603644886,118.35810391247092,113.21924243761903,41.92994154921022,99.48552554712968,
2025-09-21 16:13:35.222849,132.09132293989813,154.32700223277638,97.68905039174261,41.57344758925789,100.0,22.39050697274226
2025-09-21 16:23:35.222849,112.51578284119937,133.4702910957842,109.86055438472675,41.5970132014791,99.71251709122204,28.002922000361508
2025-09-21 16:33:35.222849,111.55932829754543,124.95547907820664,98.30959310606379,40.82909047461666,99.23543418590842,28.366893841110855
2025-09-21 16:43:35.222849,116.10803711209537,141.10955749622886,108.1942703646942,41.55881910368817,89.65693877466107,25.64201876217513
2025-09-21 16:53:35.222849,126.95467252792228,124.56363820909175,93.27047672934361,41.15397186704904,100.0,26.19303714935003
2025-09-21 17:03:35.222849,114.13060163059093,155.77074938511217,98.22315027688033,40.362099117430134,96.13254234185939,30.18674576581406
2025-09-21 17:13:35.222849,105.14914741639988,141.96907478056133,100.45539459949781,40.94009530114434,99.06493238662503,
2025-09-21 17:23:35.222849,107.71556352566071,187.62556461548627,64.88656805394963,40.64136162795629,98.06915682675715,27.953331239957084
2025-09-21 17:33:35.222849,116.84665002206536,148.05319065455498,87.89528888569852,40.62888516219849,97.29944620437045,29.200533671432176
2025-09-21 17:43:35.222849,135.15838711838362,160.269230091241,109.18720791945941,40.63529776077151,99.16376702627063,25.39338400394968
2025-09-21 17:53:35.222849,134.6519769338494,174.7857430052046,111.85832676491509,41.25481798838945,98.53954758959901,25.045909635689434
2025-09-21 18:03:35.222849,128.89901978220095,184.0469289903102,92.5625534769077,40.988529886919,97.86245967118579,30.013754032881423
2025-09-21 18:13:35.222849,133.78304460044498,168.69688754215838,,40.0494038702777,96.33451599871549,25.86815404292231
2025-09-21 18:23:35.222849,123.66023541537926,175.46460569052948,97.2142709837164,40.199878495561215,99.21113220200809,26.66354971956827
2025-09-21 18:33:35.222849,123.84975649847203,123.03721792714347,85.98447215633311,39.43896984672535,,24.421554909988195
2025-09-21 18:43:35.222849,124.09716937095537,120.1805403460578,94.26951971182133,39.282210735183725,98.55334651473079,25.641840879951545
2025-09-21 18:53:35.222849,136.03241918179853,158.66887679497643,110.2904196134995,39.79206100391333,95.95347204809748,27.610437720909566
2025-09-21 19:03:35.222849,106.45998636164323,124.52662684112359,107.5057596843696,39.39287402991583,98.35144763085712,23.545120648266035
2025-09-21 19:13:35.222849,,,78.71278946154102,,,23.359184280201983
2025-09-21 19:23:35.222849,,156.42416174698246,93.9867734380911,39.158471447580766,,24.467378400237607
2025-09-21 19:33:35.222849,119.80321490551306,156.69313133103822,92.1898551472872,,97.0325201519329,25.129504519608883
2025-09-21 19:43:35.222849,116.06362396696619,152.56141202539413,112.015705836461,38.406022808825185,95.44644805958089,22.48430046005448
2025-09-21 19:53:35.222849,127.96206423060075,,86.4177709337751,42.0,96.3550917729455,
2025-09-21 20:03:35.222849,110.36828760871683,156.73865788942553,91.12295239777924,38.765391530190314,96.64279824087522,
2025-09-21 20:13:35.222849,135.00520012102234,157.04023711949523,,39.65673330451689,96.06730219090826,24.554172774508924
2025-09-21 20:23:35.222849,103.58342806527058,139.321884226155,95.29272638043713,38.224274757468635,96.60011200808738,23.904525601683144
2025-09-21 20:33:35.222849,99.58877217901825,144.4725137264022,86.74641243737582,,93.06991915912151,
2025-09-21 20:43:35.222849,103.8681633570843,141.15573987252336,79.20477734034644,37.897498914756625,95.91324568826889,23.711686937934232
2025-09-21 20:53:35.222849,,188.0332126643607,97.64378410585485,36.524239336404364,93.7453757461796,22.66023010596912
2025-09-21 21:03:35.222849,115.76481759874876,128.29529825342325,90.68905549868272,36.767240291455856,,23.625915596368838
2025-09-21 21:13:35.222849,113.95965129979722,145.39120390554004,95.1488553659655,36.948852773888525,94.59433737911735,19.96249643282891
2025-09-21 21:23:35.222849,119.24615696093885,132.23712194025524,,35.42174488710678,95.48994379677868,
2025-09-21 21:33:35.222849,99.86708382809,164.0396555486492,96.45584217736292,35.80460499027534,93.40865001773408,19.955112309880757
2025-09-21 21:43:35.222849,109.05329870090799,,76.09663782191758,35.855684626867465,94.3662444546587,25.086334733902447
2025-09-21 21:53:35.222849,116.89729962146907,128.31280375259053,110.44405196474094,36.02207406266987,92.71054919008287,23.50786028758568
2025-09-21 22:03:35.222849,93.09418438489126,142.41157735256505,91.55723650371897,35.18975470835123,92.81127656501414,19.852157974751222
2025-09-21 22:13:35.222849,114.84595102167111,180.3774832877472,91.60707056820735,35.14373312178491,94.75415810103524,23.121596185474573
2025-09-21 22:23:35.222849,95.60754844000927,,94.31335405745061,35.0,91.99626257320386,22.111370938868973
2025-09-21 22:33:35.222849,95.26426230502335,150.19378307014856,90.95637087138103,35.38506169215581,91.32921143186749,21.28216878342577
2025-09-21 22:43:35.222849,105.17753645611965,145.3234092822215,91.0485304783411,35.0,92.99182319812272,21.245770981373852
2025-09-21 22:53:35.222849,121.11907537741149,177.4777136706113,100.71972604249922,,90.65198441082885,26.566628368665025
2025-09-21 23:03:35.222849,95.73594699004923,145.22279876678883,91.36551641488388,35.0,91.16121818451123,19.48657928653845
2025-09-21 23:13:35.222849,107.64993915331054,145.16808187036392,99.16562422448479,35.0,,19.052136755419017
2025-09-21 23:23:35.222849,,128.5630603909641,96.73301313212885,35.0,92.0706306389319,23.892758983357187
2025-09-21 23:33:35.222849,106.29809097986252,158.04546937158378,96.29338302456458,,91.20265568450846,19.03217947773704
2025-09-21 23:43:35.222849,112.68911375569753,148.6703072339986,105.22432297544182,35.0,,26.831607453937917
2025-09-21 23:53:35.222849,109.03522109722476,146.70242707872507,99.34246784916013,35.0,100.0,16.791993928755918
2025-09-22 00:03:35.222849,82.30959008281008,142.25678822587483,,35.0,89.42618603137537,23.738263755789482
2025-09-22 00:13:35.222849,107.72499625103812,110.6227118487642,94.68876592226833,35.0,89.42985733914601,19.032731484004707
2025-09-22 00:23:35.222849,105.82651370866431,141.40688560550424,74.50048635074619,,86.35297904202955,20.639455840206615
2025-09-22 00:33:35.222849,114.77429984306725,159.67656402952898,99.83042602860944,35.0,90.70179550057587,19.351953158105488
2025-09-22 00:43:35.222849,118.24170916323494,150.0047734112221,102.41576108258707,35.0,92.23465133346613,16.479790873706587
2025-09-22 00:53:35.222849,110.45482102338288,148.00900623815346,97.31513438309776,35.0,89.72719157839462,18.21170647584479
2025-09-22 01:03:35.222849,95.42907316924389,162.4598866329925,90.26707708039417,,88.57477180690077,17.760135602254916
2025-09-22 01:13:35.222849,115.02547486421395,170.00224967366177,93.39339355617948,,89.66487753762203,20.86872227052147
2025-09-22 01:23:35.222849,98.1962556328225,136.87546391208005,89.33026834465518,35.0,,18.506468553685373
2025-09-22 01:33:35.222849,120.21028870396229,122.9885756967179,93.04923952109812,35.89971171586852,88.76198757154467,
2025-09-22 01:43:35.222849,99.46826178293065,153.65150793322445,106.22224381728626,35.0,89.23307165425823,17.89822209437526
2025-09-22 01:53:35.222849,116.57331747381932,158.44865358523484,,35.0,86.78493540726791,18.20196032001469
2025-09-22 02:03:35.222849,94.93412934889805,134.82298636756704,81.44966033619458,35.0,89.04175316748336,19.799100802218696
2025-09-22 02:13:35.222849,105.4895664542511,154.00195996120252,85.84314739185085,35.0,89.01383799267096,21.667890176768683
2025-09-22 02:23:35.222849,124.5261969056795,148.4646951326705,,35.0,87.87125863117514,20.994613008495545
2025-09-22 02:33:35.222849,94.30898763712294,127.30572971074551,76.9855763525669,35.0,88.65038426241836,21.4035657524881
2025-09-22 02:43:35.222849,118.5799587840576,133.9342399854133,95.70876061689141,35.0,89.90844177048446,18.4569952772794
2025-09-22 02:53:35.222849,108.55957820886265,144.95283669046498,89.21250682916266,35.0,90.03345531225744,19.62749295127697
2025-09-22 03:03:35.222849,126.42418903991839,161.69731774597966,98.9437064808931,35.0,88.95840172372885,21.67634160254828
2025-09-22 03:13:35.222849,86.79767116268994,156.606800998875,89.36266140343812,35.0,90.39013863976018,18.63481086981114
2025-09-22 03:23:35.222849,98.33825994076534,138.2361502396518,115.00866897340686,35.0,89.22900399117704,18.277359140949233
2025-09-22 03:33:35.222849,108.68467703333664,129.8389823783741,110.79350187734677,35.0,89.12174361923417,21.227909669721896
2025-09-22 03:43:35.222849,122.69341729303709,155.26075705471888,112.1663540196783,35.0,88.34239075048954,20.110377904416122
2025-09-22 03:53:35.222849,106.0748610865508,136.34488922712916,82.7201249220457,,89.21641580110851,20.234603233009967
2025-09-22 04:03:35.222849,93.90463856043627,178.62107587187344,,35.0,88.95686349092725,18.066937017953634
2025-09-22 04:13:35.222849,106.37593798964691,140.6946861361867,66.87518759792938,35.0,89.23626772211095,20.089091470067785
2025-09-22 04:23:35.222849,92.64685950999979,138.06528858854983,100.95547503017143,35.0,88.96907637388934,
2025-09-22 04:33:35.222849,,115.82689514342145,87.80546550423311,,89.47634332368064,18.275361495408898
2025-09-22 04:43:35.222849,107.57225580743342,,,35.0,88.50481663850232,22.79964907063578
2025-09-22 04:53:35.222849,105.627164167346,156.34281321476868,85.81115240511947,35.0,89.49564157082492,19.52433151150423
2025-09-22 05:03:35.222849,111.36471729933415,143.66834268287218,114.36993161263962,35.0,92.05684000463336,19.682090821339354
2025-09-22 05:13:35.222849,115.7322068945216,148.7071313362655,87.74872162806605,35.0,89.9056469241577,18.66886357974733
2025-09-22 05:23:35.222849,103.25280340068103,112.34601528342651,,35.0,90.15636045765251,23.078415379818562
2025-09-22 05:33:35.222849,104.12163774676269,162.8098935111399,107.29405389834757,35.0,90.89860843994227,22.741794875204324
2025-09-22 05:43:35.222849,107.94388265854796,153.66012865686884,100.68951362611035,38.50724541903386,89.16036993012685,22.184913415522026
2025-09-22 05:53:35.222849,129.5041486305153,131.7920377089674,,42.0,91.62017769842389,26.361503167443455
2025-09-22 06:03:35.222849,108.76832665809509,166.76403056836824,99.94862461828805,35.0,90.92901798156494,18.837074168042047
2025-09-22 06:13:35.222849,,147.25685587302146,101.21493180359347,35.0,86.65416470704174,21.02760557072673
2025-09-22 06:23:35.222849,104.9687539384683,117.53222789679442,89.00611720106845,35.0,91.1798173139269,22.459370667596335
2025-09-22 06:33:35.222849,106.21733939469749,140.58548323438694,93.75412967272732,35.0,85.0,30.59351393129312
2025-09-22 06:43:35.222849,113.95737256382331,181.675145985731,89.68594800432533,35.0,90.52294671455444,21.167870868250706
2025-09-22 06:53:35.222849,117.12095244439256,166.91103083968616,103.87869300146451,35.0,89.8153153921801,21.769081417271945
2025-09-22 07:03:35.222849,,154.22481918976908,109.06191068880206,35.0,90.7294798669623,22.728494928698964
2025-09-22 07:13:35.222849,122.99231785357154,145.51899938027017,99.4878625985009,35.0,90.95194847117864,20.778795534152533
2025-09-22 07:23:35.222849,105.90582230902221,146.5656073979268,99.97098887612478,35.0,92.39656280663587,28.555530575850018
2025-09-22 07:33:35.222849,105.59985833260791,173.71099173377627,102.42614484217547,35.17587186575529,90.94013978704123,
2025-09-22 07:43:35.222849,113.18547161611912,114.33963576078314,91.04325190391235,35.66944383247595,95.59475570033545,22.386622067619097
2025-09-22 07:53:35.222849,121.35835526381723,138.11258167690772,86.57422706197748,35.0,93.75820110245586,
2025-09-22 08:03:35.222849,,157.64364375445973,81.83187000695301,35.93053048718647,92.69607101237185,25.27552157913888
2025-09-22 08:13:35.222849,,167.62005156673095,102.84571534234033,36.54613512366649,92.37503991345864,25.79521970029664
2025-09-22 08:23:35.222849,109.07609416074435,175.78508721517625,95.14595198221916,35.90992986811912,93.24228482315579,25.16370522149959
2025-09-22 08:33:35.222849,118.58760757128341,,88.40554626032387,,100.0,
2025-09-22 08:43:35.222849,120.23101615255408,133.93714767115324,99.01061882436312,36.6570942212979,91.96486401409875,22.408965758771263
2025-09-22 08:53:35.222849,123.95907485887422,169.79722399223624,102.63408021233734,42.0,95.07833832472899,
